accept,Ws2_32.dll,0
AdjustTokenPrivileges,Advapi32.dll,1
AttachThreadInput,User32.dll,2
bind,Ws2_32.dll,3
CallNextHookEx,User32.dll,5
CertOpenSystemStore,Crypt32.dll,6
CheckRemoteDebuggerPresent,Kernel32.dll,7
CoCreateInstance,Ole32.dll,8
connect,Ws2_32.dll,9
ConnectNamedPipe,Kernel32.dll,10
ControlService,AdvApi32.dll,11
CreateFile,Kernel32.dll,12
CreateFileMapping,Kernel32.dll,13
CreateMutex,Kernel32.dll,14
CreateProcess,Kernel32.dll,15
CreateRemoteThread,Kernel32.dll,16
CreateService,Advapi32.dll,17
CreateToolhelp32Snapshot,Kernel32.dll,18
CryptAcquireContext,Advapi32.dll,19
DeviceIoControl,Kernel32.dll,20
EnumProcesses,Kernel32.dll,21
EnumProcesses,Psapi.dll,21
EnumProcessModules,Kernel32.dll,22
EnumProcessModules,Psapi.dll,22
FindFirstFileA,Kernel32.dll,23
FindFirstFileW,Kernel32.dll,23
FindNextFileW,Kernel32.dll,24
FindNextFileA,Kernel32.dll,24
FindResourceW,Kernel32.dll,25
FindResourceA,Kernel32.dll,25
FindWindowW,User32.dll,26
FindWindowA,User32.dll,27
FtpPutFileW,Wininet.dll,28
FtpPutFileA,Wininet.dll,28
GetAdaptersInfo,Iphlpapi.dll,29
GetAsyncKeyState,User32.dll,30
GetForegroundWindow,User32.dll,32
gethostbyname,Ws2_32.dll,33
gethostname,Ws2_32.dll,34
GetKeyState,User32.dll,35
GetModuleFileNameW,Kernel32.dll,36
GetModuleFileNameA,Kernel32.dll,36
GetModuleHandleW,Kernel32.dll,37
GetModuleHandleA,Kernel32.dll,37
GetProcAddress,Kernel32.dll,38
GetStartupInfoW,Kernel32.dll,39
GetStartupInfoA,Kernel32.dll,39
GetSystemDefaultLangId,Kernel32.dll,40
GetTempPathW,Kernel32.dll,41
GetTempPathA,Kernel32.dll,41
GetThreadContext,Kernel32.dll,42
GetTickCount,Kernel32.dll,43
GetVersionExW,Kernel32.dll,44
GetVersionExA,Kernel32.dll,44
GetWindowsDirectoryW,Kernel32.dll,45
GetWindowsDirectoryA,Kernel32.dll,46
inet_addr,Ws2_32.dll,47
InternetOpenW,Wininet.dll,48
InternetOpenA,Wininet.dll,48
InternetOpenUrlW,Wininet.dll,49
InternetOpenUrlA,Wininet.dll,49
InternetReadFile,Wininet.dll,50
InternetWriteFile,Wininet.dll,51
IsDebuggerPresent,Kernel32.dll,52
LoadLibraryW,Kernel32.dll,54
LoadLibraryA,Kernel32.dll,54
LoadResource,Kernel32.dll,55
LsaEnumerateLogonSessions,Secur32.dll,56
MapViewOfFile,Kernel32.dll,57
MapVirtualKeyW,User32.dll,58
MapVirtualKeyA,User32.dll,58
Module32FirstW,Kernel32.dll,59
Module32First,Kernel32.dll,59
Module32Next,Kernel32.dll,60
Module32NextW,Kernel32.dll,60
NetScheduleJobAdd,Netapi32.dll,61
NetShareEnum,Netapi32.dll,62
NtQueryInformationProcess,Ntdll.dll,63
OleInitialize,Ole32.dll,64
OpenMutexW,Kernel32.dll,65
OpenMutexA,Kernel32.dll,65
OpenProcess,Kernel32.dll,66
OpenSCManagerW,Advapi32.dll,67
OpenSCManagerA,Advapi32.dll,67
OutputDebugStringW,Kernel32.dll,68
OutputDebugStringA,Kernel32.dll,68
PeekNamedPipe,Kernel32.dll,69
Process32First,Kernel32.dll,70
Process32FirstW,Kernel32.dll,70
Process32Next,Kernel32.dll,71
Process32NextW,Kernel32.dll,71
QueueUserAPC,Kernel32.dll,73
ReadProcessMemory,Kernel32.dll,74
RegisterHotKey,User32.dll,75
recv,Ws2_32.dll,76
RegOpenKeyW,Advapi32.dll,77
RegOpenKeyA,Advapi32.dll,77
ResumeThread,Kernel32.dll,78
send,Ws2_32.dll,79
SetFileTime,Kernel32.dll,80
SetThreadContext,Kernel32.dll,81
SetWindowsHookExW,User32.dll,82
SetWindowsHookExA,User32.dll,83
ShellExecuteW,Shell32.dll,84
ShellExecuteA,Shell32.dll,84
StartServiceCtrlDispatcherW,Advapi32.dll,85
StartServiceCtrlDispatcherA,Advapi32.dll,85
SuspendThread,Kernel32.dll,86
Thread32First,Kernel32.dll,87
Thread32Next,Kernel32.dll,88
URLDownloadToFileW,Urlmon.dll,89
URLDownloadToFileA,Urlmon.dll,89
VirtualAllocEx,Kernel32.dll,90
VirtualProtectEx,Kernel32.dll,91
WinExec,Kernel32.dll,93
WriteProcessMemory,Kernel32.dll,95
WSAStartup,Ws2_32.dll,96
GetLocaleInfoW,Kernel32.dll,102
lstrcatW,Kernel32.dll,104
UnmapViewOfFile,Kernel32.dll,105
CreatePipe,Kernel32.dll,111
FindResourceExW,Kernel32.dll,116
GetVersion,Kernel32.dll,117
GetPrivateProfileSectionNamesA,Kernel32.dll,121
CreateSemaphoreA,Kernel32.dll,122
htons,WSock32.dll,123
lstrlenW,Kernel32.dll,124
ContinueDebugEvent,Kernel32.dll,127
WriteFileEx,KernelBase.dll,128
getprotobynumber,WSock32.dll,130
OleSave,Ole32.dll,134
EnumTimeFormatsW,KernelBase.dll,135
GetCapture,User32.dll,136
CoCreateInstanceEx,Ole32.dll,137
CopyFileExW,Kernel32.dll,138
htonl,WS2_32.dll,139
CreateProcessW,KernelBase.dll,15
MoveFileW,Kernel32.dll,140
GetThreadPriorityBoost,KernelBase.dll,142
GetKeyboardType,User32.dll,143
RevokeDragDrop,Ole32.dll,144
GetDriveTypeA,KernelBase.dll,145
GetSystemDirectoryA,Kernel32.dll,147
WritePrivateProfileSectionW,Kernel32.dll,98
GetClipCursor,User32.dll,149
SystemParametersInfoA,User32.dll,153
GetCommState,Kernel32.dll,156
TranslateMessage,User32.dll,157
GetUserDefaultLangID,Kernel32.dll,160
GetSystemInfo,Kernel32.dll,161
lstrcpyA,Kernel32.dll,162
GetVolumeInformationW,KernelBase.dll,166
WaitForDebugEvent,KernelBase.dll,168
SetFilePointer,KernelBase.dll,169
SetConsoleCP,Kernel32.dll,170
SetClipboardData,User32.dll,171
CallWindowProcA,User32.dll,174
LocalFileTimeToFileTime,Kernel32.dll,175
GetIconInfo,User32.dll,178
DialogBoxParamA,User32.dll,179
GetUserDefaultLCID,Kernel32.dll,180
LoadCursorFromFileW,User32.dll,181
WSALookupServiceNextW,WS2_32.dll,98
DefDlgProcA,User32.dll,182
socket,WSock32.dll,183
EnumChildWindows,User32.dll,184
CreateDirectoryExW,Kernel32.dll,186
CoUnmarshalInterface,Ole32.dll,188
CopyFileExW,KernelBase.dll,138
SetProcessShutdownParameters,KernelBase.dll,189
ChangeDisplaySettingsA,User32.dll,190
WSALookupServiceBeginW,WS2_32.dll,98
WSALookupServiceNextA,WS2_32.dll,192
CoMarshalInterface,Ole32.dll,194
IsDBCSLeadByte,KernelBase.dll,196
__WSAFDIsSet,WS2_32.dll,198
SetCommBreak,Kernel32.dll,199
SleepEx,Kernel32.dll,200
SendMessageA,User32.dll,201
GetTimeFormatW,Kernel32.dll,202
lstrlenW,KernelBase.dll,124
GetMailslotInfo,Kernel32.dll,203
GlobalMemoryStatus,Kernel32.dll,204
EmptyClipboard,User32.dll,205
CharUpperW,KernelBase.dll,206
GetPrivateProfileIntW,Kernel32.dll,208
CoCreateFreeThreadedMarshaler,Ole32.dll,209
CopyFileExA,Kernel32.dll,138
GetCurrentDirectoryW,KernelBase.dll,210
GetACP,Kernel32.dll,212
GetThreadDesktop,User32.dll,214
OpenWaitableTimerW,KernelBase.dll,216
ReleaseSemaphore,KernelBase.dll,217
CallWindowProcW,User32.dll,218
GetProcessWorkingSetSize,Kernel32.dll,219
EnumDateFormatsW,KernelBase.dll,220
ContinueDebugEvent,KernelBase.dll,127
IsCharAlphaNumericA,KernelBase.dll,222
SizeofResource,KernelBase.dll,223
SetWindowWord,User32.dll,225
TerminateProcess,KernelBase.dll,226
EnumDesktopsW,User32.dll,227
SetWindowsHookA,User32.dll,228
CreateFileMappingW,Kernel32.dll,13
FreeEnvironmentStringsW,KernelBase.dll,229
TransactNamedPipe,Kernel32.dll,230
WaitForSingleObject,Kernel32.dll,231
ToUnicode,User32.dll,232
GlobalHandle,Kernel32.dll,233
DuplicateHandle,Kernel32.dll,234
CoResumeClassObjects,Ole32.dll,235
GetTimeZoneInformation,Kernel32.dll,236
GetFileAttributesA,Kernel32.dll,237
SendNotifyMessageW,User32.dll,238
CharLowerBuffW,KernelBase.dll,239
LoadIconA,User32.dll,240
inet_ntoa,WSock32.dll,241
GetCommState,KernelBase.dll,156
CharNextA,User32.dll,242
CoSetProxyBlanket,Ole32.dll,244
ioctlsocket,WS2_32.dll,245
LoadStringW,User32.dll,246
GetSystemTimeAsFileTime,Kernel32.dll,248
GetPriorityClass,Kernel32.dll,249
GetDiskFreeSpaceW,Kernel32.dll,250
GetFileSize,Kernel32.dll,252
GetClassNameA,User32.dll,255
TerminateProcess,Kernel32.dll,226
SetFilePointer,Kernel32.dll,169
WSAIoctl,WS2_32.dll,258
_lcreat,Kernel32.dll,259
GetSystemTimeAdjustment,KernelBase.dll,260
OleSaveToStream,Ole32.dll,261
GetDiskFreeSpaceExW,Kernel32.dll,262
SetConsoleCursorPosition,KernelBase.dll,263
FindFirstFileExA,Kernel32.dll,264
WriteClassStm,Ole32.dll,266
GetCurrentProcessId,Kernel32.dll,267
MkParseDisplayName,Ole32.dll,268
PeekConsoleInputA,Kernel32.dll,125
RemoveDirectoryW,Kernel32.dll,271
DefineDosDeviceA,Kernel32.dll,272
IsCharAlphaNumericW,User32.dll,273
CompareStringW,Kernel32.dll,274
sendto,WS2_32.dll,275
DosDateTimeToFileTime,Kernel32.dll,276
ToUnicodeEx,User32.dll,277
GetCPInfo,KernelBase.dll,279
GetDriveTypeW,Kernel32.dll,145
GetClassNameW,User32.dll,255
SetWindowTextW,User32.dll,82
CharPrevW,KernelBase.dll,280
SetLocalTime,Kernel32.dll,281
PropVariantClear,Iprop.dll,282
DefMDIChildProcA,User32.dll,283
GetHGlobalFromILockBytes,Ole32.dll,284
GetSystemDefaultLangID,KernelBase.dll,285
SetCurrentDirectoryA,Kernel32.dll,286
WaitNamedPipeA,Kernel32.dll,287
ClientToScreen,User32.dll,288
SetWindowContextHelpId,User32.dll,289
SetCapture,User32.dll,290
CreateMailslotW,Kernel32.dll,291
CharPrevW,User32.dll,280
GetCurrentThreadId,KernelBase.dll,293
EnableWindow,User32.dll,294
GetLastActivePopup,User32.dll,296
LoadStringA,User32.dll,246
CloseWindowStation,User32.dll,297
_hwrite,Kernel32.dll,298
GetTimeFormatA,Kernel32.dll,202
SetCommBreak,KernelBase.dll,199
GetCurrentDirectoryW,Kernel32.dll,210
SetProcessPriorityBoost,Kernel32.dll,299
SystemParametersInfoW,User32.dll,153
OpenFileMappingW,Kernel32.dll,300
CoGetCallContext,Ole32.dll,301
ArrangeIconicWindows,User32.dll,302
CoTaskMemAlloc,Ole32.dll,303
ReleaseMutex,KernelBase.dll,304
GetComputerNameW,Kernel32.dll,305
EraseTape,Kernel32.dll,306
EnumDesktopWindows,User32.dll,307
OleFlushClipboard,Ole32.dll,308
GetPrivateProfileSectionA,Kernel32.dll,309
GetProcessVersion,KernelBase.dll,310
FlushViewOfFile,KernelBase.dll,311
AppendMenuW,User32.dll,312
GetTopWindow,User32.dll,313
lstrcmpW,Kernel32.dll,314
SetProcessWorkingSetSize,Kernel32.dll,316
OleDraw,Ole32.dll,317
GetLogicalDriveStringsW,KernelBase.dll,318
GetEnvironmentVariableA,KernelBase.dll,319
GetDriveTypeA,Kernel32.dll,145
WriteFileEx,Kernel32.dll,128
IsValidLocale,Kernel32.dll,100
DragObject,User32.dll,320
WritePrivateProfileStringA,Kernel32.dll,321
GlobalFree,Kernel32.dll,323
CreateNamedPipeW,KernelBase.dll,324
GetNumberOfConsoleInputEvents,Kernel32.dll,325
MapWindowPoints,User32.dll,326
LockFile,KernelBase.dll,327
CreateFiber,Kernel32.dll,328
SetEvent,Kernel32.dll,329
GetThreadPriority,KernelBase.dll,330
CoUninitialize,Ole32.dll,331
GetTempFileNameA,Kernel32.dll,332
GetFileAttributesExW,Kernel32.dll,333
CompareStringW,KernelBase.dll,274
SetUnhandledExceptionFilter,Kernel32.dll,334
OpenDesktopA,User32.dll,335
CreateDirectoryW,KernelBase.dll,336
SetClassLongW,User32.dll,337
CharLowerW,User32.dll,109
CreateProcessW,Kernel32.dll,15
SetConsoleTextAttribute,Kernel32.dll,338
CancelIo,Kernel32.dll,340
FreeConsole,KernelBase.dll,341
Sleep,Kernel32.dll,342
DestroyWindow,User32.dll,343
GetMessageW,User32.dll,345
LoadLibraryExW,KernelBase.dll,346
CreateAcceleratorTableW,User32.dll,349
WindowFromPoint,User32.dll,350
SetProcessAffinityMask,Kernel32.dll,351
CoMarshalHresult,Ole32.dll,353
GetFileAttributesExA,KernelBase.dll,237
GetScrollInfo,User32.dll,354
CreateFileA,KernelBase.dll,12
EnumResourceTypesA,Kernel32.dll,355
GetDateFormatW,KernelBase.dll,356
SwitchToThread,Kernel32.dll,357
ReadConsoleInputW,Kernel32.dll,358
LoadStringA,KernelBase.dll,246
SetThreadPriorityBoost,KernelBase.dll,359
GetProfileSectionW,Kernel32.dll,360
IsCharAlphaNumericA,User32.dll,222
SetWindowLongW,User32.dll,82
OpenFileMappingA,Kernel32.dll,300
CoInitializeSecurity,Ole32.dll,361
IsCharAlphaA,User32.dll,222
GetConsoleMode,KernelBase.dll,362
UpdateResourceA,Kernel32.dll,363
FoldStringW,Kernel32.dll,364
WriteConsoleW,Kernel32.dll,98
DestroyAcceleratorTable,User32.dll,369
SetFileAttributesW,Kernel32.dll,370
CancelWaitableTimer,KernelBase.dll,371
PostThreadMessageW,User32.dll,372
GetCurrencyFormatW,KernelBase.dll,373
EnumSystemCodePagesW,KernelBase.dll,374
LoadModule,Kernel32.dll,375
ExpandEnvironmentStringsA,Kernel32.dll,376
SetEnvironmentVariableW,Kernel32.dll,377
getservbyname,WS2_32.dll,378
SetConsoleScreenBufferSize,KernelBase.dll,379
GetNamedPipeHandleStateW,Kernel32.dll,380
GetPriorityClass,KernelBase.dll,249
LockWindowUpdate,User32.dll,384
setsockopt,WS2_32.dll,386
FreeResource,KernelBase.dll,387
DefWindowProcA,User32.dll,388
LoadAcceleratorsA,User32.dll,389
BroadcastSystemMessageW,User32.dll,391
OpenWindowStationW,User32.dll,216
GetWindowWord,User32.dll,392
RegisterClipboardFormatW,User32.dll,394
MessageBoxExW,User32.dll,395
lstrcpynA,KernelBase.dll,398
CoRevokeClassObject,Ole32.dll,399
inet_ntoa,WS2_32.dll,241
ConvertThreadToFiber,Kernel32.dll,400
RegisterClassExW,User32.dll,401
gethostbyaddr,WS2_32.dll,403
CreateThread,Kernel32.dll,404
CharNextA,KernelBase.dll,242
DisableThreadLibraryCalls,Kernel32.dll,407
ReadConsoleInputW,KernelBase.dll,358
GetCurrencyFormatA,Kernel32.dll,373
CoGetMarshalSizeMax,Ole32.dll,408
GetClassInfoExW,User32.dll,409
getprotobyname,WS2_32.dll,414
EnumPropsA,User32.dll,417
GetCommandLineA,KernelBase.dll,418
CallNamedPipeW,Kernel32.dll,419
FileTimeToSystemTime,KernelBase.dll,420
IsWindowEnabled,User32.dll,423
GetProfileIntA,Kernel32.dll,424
WritePrivateProfileStructW,Kernel32.dll,98
GetKBCodePage,User32.dll,427
GetDateFormatA,KernelBase.dll,356
GetEnvironmentVariableW,Kernel32.dll,319
CoCreateGuid,Ole32.dll,429
MapVirtualKeyExW,User32.dll,430
FreeConsole,Kernel32.dll,341
GetVolumeInformationA,Kernel32.dll,166
MessageBoxExA,User32.dll,395
GetKeyboardState,User32.dll,432
GetMenuDefaultItem,User32.dll,433
EnumTimeFormatsA,Kernel32.dll,135
SetThreadAffinityMask,Kernel32.dll,435
SetActiveWindow,User32.dll,436
GetPrivateProfileSectionW,Kernel32.dll,309
GetCaretPos,User32.dll,438
recvfrom,WS2_32.dll,439
ShowScrollBar,User32.dll,441
RegisterClipboardFormatA,User32.dll,394
CreateIoCompletionPort,KernelBase.dll,442
EnumCalendarInfoW,Kernel32.dll,443
GetDiskFreeSpaceA,Kernel32.dll,250
IsCharAlphaW,User32.dll,444
ActivateKeyboardLayout,User32.dll,445
FreeEnvironmentStringsA,KernelBase.dll,229
GetLocalTime,KernelBase.dll,446
GetShortPathNameA,Kernel32.dll,448
getsockname,WS2_32.dll,449
GetTimeZoneInformation,KernelBase.dll,236
VkKeyScanA,User32.dll,451
ExpandEnvironmentStringsW,KernelBase.dll,376
GetConsoleCP,KernelBase.dll,452
IsCharUpperW,User32.dll,453
LocalAlloc,Kernel32.dll,454
SetVolumeLabelA,Kernel32.dll,455
CreateEventA,KernelBase.dll,456
EnableMenuItem,User32.dll,459
GetEnvironmentVariableA,Kernel32.dll,319
WriteFmtUserTypeStg,Ole32.dll,461
CharLowerBuffW,User32.dll,239
recvfrom,WSock32.dll,439
UnmapViewOfFile,KernelBase.dll,105
lstrcpynW,KernelBase.dll,398
GetProfileSectionA,Kernel32.dll,360
GetLogicalDrives,KernelBase.dll,463
IsCharLowerA,User32.dll,465
GetSystemPowerStatus,Kernel32.dll,466
WSASocketA,WS2_32.dll,192
CoQueryProxyBlanket,Ole32.dll,467
RemoveDirectoryW,KernelBase.dll,271
VkKeyScanW,User32.dll,451
OleDuplicateData,Ole32.dll,470
PropVariantCopy,Ole32.dll,471
UnregisterClassA,User32.dll,472
LookupIconIdFromDirectoryEx,User32.dll,473
GetClassFile,Ole32.dll,474
GetProfileIntW,Kernel32.dll,424
RemovePropW,User32.dll,475
ReadFile,KernelBase.dll,476
OpenWindowStationA,User32.dll,477
GetKeyboardLayoutList,User32.dll,480
GetFileType,Kernel32.dll,481
CreateMutexA,Kernel32.dll,14
GlobalDeleteAtom,Kernel32.dll,482
SetConsoleActiveScreenBuffer,Kernel32.dll,103
LocalFree,KernelBase.dll,483
SetPriorityClass,KernelBase.dll,484
SearchPathW,KernelBase.dll,485
SetThreadPriority,KernelBase.dll,486
DebugActiveProcess,Kernel32.dll,487
GetRunningObjectTable,Ole32.dll,488
ChangeDisplaySettingsExW,User32.dll,489
SendNotifyMessageA,User32.dll,238
LoadLibraryExA,Kernel32.dll,346
SetFileApisToOEM,Kernel32.dll,490
LoadImageW,User32.dll,491
CreateIcon,User32.dll,493
CharLowerA,KernelBase.dll,109
GetConsoleOutputCP,Kernel32.dll,494
GetSystemInfo,KernelBase.dll,161
CompareStringA,Kernel32.dll,274
GlobalSize,Kernel32.dll,497
_lclose,Kernel32.dll,498
SetWindowTextA,User32.dll,499
CompareStringA,KernelBase.dll,274
SetWindowPlacement,User32.dll,500
CompareFileTime,KernelBase.dll,501
GetFullPathNameA,KernelBase.dll,502
IsDBCSLeadByte,Kernel32.dll,196
DisconnectNamedPipe,KernelBase.dll,503
LockFile,Kernel32.dll,327
WaitForDebugEvent,Kernel32.dll,168
closesocket,WS2_32.dll,507
GetMenuItemCount,User32.dll,508
FrameRect,User32.dll,509
getsockname,WSock32.dll,449
lstrlenA,KernelBase.dll,124
IsWindowUnicode,User32.dll,511
VirtualQueryEx,KernelBase.dll,512
FreeDDElParam,User32.dll,513
TransactNamedPipe,KernelBase.dll,230
CreateMutexW,KernelBase.dll,14
GetInputState,User32.dll,514
SleepEx,KernelBase.dll,200
GetSystemTime,KernelBase.dll,516
GetCommModemStatus,Kernel32.dll,517
LocalLock,Kernel32.dll,518
CharLowerBuffA,KernelBase.dll,239
StgOpenStorage,Ole32.dll,519
FindWindowExW,User32.dll,26
getsockopt,WSock32.dll,520
GetFocus,User32.dll,521
UnlockFile,Kernel32.dll,522
GetPrivateProfileIntA,Kernel32.dll,208
FindFirstFileExA,KernelBase.dll,264
CreateMutexW,Kernel32.dll,14
select,WSock32.dll,523
OpenSemaphoreW,KernelBase.dll,524
lstrcpynA,Kernel32.dll,398
DeferWindowPos,User32.dll,526
WSACleanup,WS2_32.dll,527
ReadFileEx,KernelBase.dll,528
EndDialog,User32.dll,529
CharNextW,KernelBase.dll,242
GetCompressedFileSizeW,Kernel32.dll,530
MoveFileExA,Kernel32.dll,531
GetMenuItemID,User32.dll,532
EndDeferWindowPos,User32.dll,533
StgCreateDocfile,Ole32.dll,534
CreateFileMappingA,Kernel32.dll,13
GetClipboardViewer,User32.dll,535
GetKeyboardLayout,User32.dll,536
SetStdHandle,KernelBase.dll,177
ResetEvent,Kernel32.dll,537
WSACleanup,WSock32.dll,527
VerLanguageNameW,KernelBase.dll,540
htons,WS2_32.dll,123
WriteConsoleA,Kernel32.dll,541
CoGetClassObject,Ole32.dll,542
GetFullPathNameA,Kernel32.dll,502
SetConsoleTextAttribute,KernelBase.dll,338
getservbyport,WS2_32.dll,544
LocalAlloc,KernelBase.dll,454
GetUserDefaultLangID,KernelBase.dll,160
WaitForInputIdle,User32.dll,545
IsClipboardFormatAvailable,User32.dll,546
PackDDElParam,User32.dll,547
OleRun,Ole32.dll,548
WSALookupServiceEnd,WS2_32.dll,549
EnumPropsExA,User32.dll,551
GetCurrencyFormatW,Kernel32.dll,373
GlobalAlloc,Kernel32.dll,552
CloseHandle,KernelBase.dll,553
CreateWindowExA,User32.dll,554
GetCompressedFileSizeA,Kernel32.dll,530
IsCharAlphaA,KernelBase.dll,222
OleSetContainedObject,Ole32.dll,555
LocalSize,Kernel32.dll,556
GetProcessHeaps,KernelBase.dll,557
GetWindowTextLengthW,User32.dll,45
GetAtomNameA,Kernel32.dll,45
GetFullPathNameW,KernelBase.dll,502
SetNamedPipeHandleState,KernelBase.dll,560
GetWindowThreadProcessId,User32.dll,562
GetCommModemStatus,KernelBase.dll,517
GetNamedPipeInfo,Kernel32.dll,563
GetClassInfoExA,User32.dll,409
GetLogicalDriveStringsW,Kernel32.dll,318
ioctlsocket,WSock32.dll,245
WritePrivateProfileStructA,Kernel32.dll,564
DdePostAdvise,User32.dll,565
FormatMessageW,Kernel32.dll,566
SetFileApisToANSI,KernelBase.dll,567
CLSIDFromProgID,Ole32.dll,568
ShowCaret,User32.dll,569
Beep,Kernel32.dll,193
CoDisconnectObject,Ole32.dll,571
GetProcessWindowStation,User32.dll,573
GetClipboardOwner,User32.dll,574
SetMessageExtraInfo,User32.dll,575
OpenWaitableTimerA,Kernel32.dll,576
WSALookupServiceBeginA,WS2_32.dll,192
GetLogicalDrives,Kernel32.dll,463
GetFileInformationByHandle,Kernel32.dll,577
FindResourceExA,Kernel32.dll,116
SetMessageQueue,User32.dll,578
GetShortPathNameW,Kernel32.dll,448
VerLanguageNameA,KernelBase.dll,540
QueryDosDeviceA,Kernel32.dll,579
SetEndOfFile,KernelBase.dll,581
getservbyport,WSock32.dll,544
GetQueuedCompletionStatus,KernelBase.dll,582
CallMsgFilterA,User32.dll,583
CascadeWindows,User32.dll,584
ScreenToClient,User32.dll,585
GetACP,KernelBase.dll,212
GetCursorPos,User32.dll,588
OpenDesktopW,User32.dll,335
RegisterDragDrop,Ole32.dll,590
WSAStringToAddressA,WS2_32.dll,192
PropVariantClear,Ole32.dll,282
SetWaitableTimer,KernelBase.dll,592
SetNamedPipeHandleState,Kernel32.dll,560
IsProcessorFeaturePresent,Kernel32.dll,593
GetSysColor,User32.dll,596
GetLocalTime,Kernel32.dll,446
CoRegisterMessageFilter,Ole32.dll,598
EnumDateFormatsA,Kernel32.dll,220
SwitchToThread,KernelBase.dll,357
GlobalGetAtomNameW,Kernel32.dll,599
GetEnvironmentStringsW,Kernel32.dll,600
SetPropW,User32.dll,601
EscapeCommFunction,KernelBase.dll,602
GetUserDefaultLCID,KernelBase.dll,180
GetExitCodeProcess,Kernel32.dll,603
ConvertDefaultLocale,Kernel32.dll,604
GetConsoleTitleA,Kernel32.dll,605
SetProcessPriorityBoost,KernelBase.dll,299
IsAccelerator,Ole32.dll,606
GetClassWord,User32.dll,608
EnumDisplaySettingsA,User32.dll,609
ReleaseMutex,Kernel32.dll,304
CreateDirectoryA,Kernel32.dll,336
SetConsoleScreenBufferSize,Kernel32.dll,379
GetClientRect,User32.dll,610
GetOpenClipboardWindow,User32.dll,611
SetWaitableTimer,Kernel32.dll,592
PeekMessageA,User32.dll,613
DefDlgProcW,User32.dll,182
CreateNamedPipeA,Kernel32.dll,324
FindWindowExA,User32.dll,614
FillConsoleOutputAttribute,Kernel32.dll,458
SetConsoleCursorPosition,Kernel32.dll,263
LoadKeyboardLayoutA,User32.dll,615
PostMessageW,User32.dll,616
CreateIconIndirect,User32.dll,617
MessageBoxA,User32.dll,618
WaitNamedPipeW,KernelBase.dll,98
WaitForSingleObjectEx,Kernel32.dll,256
GetEnvironmentStringsW,KernelBase.dll,600
GetClassInfoW,User32.dll,619
GetQueueStatus,User32.dll,620
WinHelpA,User32.dll,621
LoadCursorW,User32.dll,622
CoIsOle1Class,Ole32.dll,623
CharLowerBuffA,User32.dll,239
SetEnvironmentVariableA,KernelBase.dll,377
DialogBoxParamW,User32.dll,179
EnumSystemLocalesW,KernelBase.dll,624
GetOverlappedResult,KernelBase.dll,625
InsertMenuItemA,User32.dll,397
DeleteFileA,KernelBase.dll,626
FormatMessageW,KernelBase.dll,566
BeginUpdateResourceW,Kernel32.dll,627
GetOverlappedResult,Kernel32.dll,625
ClearCommError,KernelBase.dll,629
GetExitCodeThread,KernelBase.dll,632
MoveFileExW,Kernel32.dll,531
GetDiskFreeSpaceW,KernelBase.dll,250
GetMessageA,User32.dll,345
GetConsoleTitleW,Kernel32.dll,605
IsValidCodePage,KernelBase.dll,633
CopyMetaFileA,Gdi32.dll,634
GetDateFormatA,Kernel32.dll,356
GetEnvironmentStrings,Kernel32.dll,600
EndUpdateResourceA,Kernel32.dll,635
CoInitialize,Ole32.dll,638
CreateWindowStationA,User32.dll,640
GetLocaleInfoA,KernelBase.dll,102
GetFileInformationByHandle,KernelBase.dll,577
UnhookWindowsHookEx,User32.dll,642
CLSIDFromString,Ole32.dll,644
FlushFileBuffers,KernelBase.dll,645
GetUserObjectInformationA,User32.dll,646
OpenEventA,Kernel32.dll,647
StgIsStorageFile,Ole32.dll,649
PostMessageA,User32.dll,616
EnumWindows,User32.dll,650
GetFileType,KernelBase.dll,481
SendMessageW,User32.dll,201
GetThreadTimes,KernelBase.dll,652
SystemTimeToFileTime,KernelBase.dll,654
SignalObjectAndWait,KernelBase.dll,655
SaveDC,Gdi32.dll,656
WriteConsoleA,KernelBase.dll,541
CopyFileW,Kernel32.dll,659
FlushConsoleInputBuffer,Kernel32.dll,660
GetCurrentDirectoryA,KernelBase.dll,210
MapViewOfFileEx,KernelBase.dll,661
GetThreadLocale,Kernel32.dll,662
VerLanguageNameA,Kernel32.dll,540
GetTapeParameters,Kernel32.dll,663
GetTimeFormatW,KernelBase.dll,202
GetWindowLongW,User32.dll,45
PropVariantCopy,Iprop.dll,471
UnloadKeyboardLayout,User32.dll,664
GetClassLongW,User32.dll,666
GetMenuState,User32.dll,668
CreateDesktopA,User32.dll,669
TransmitCommChar,KernelBase.dll,671
GetNumberOfConsoleMouseButtons,Kernel32.dll,672
Sleep,KernelBase.dll,342
CreateFileMoniker,Ole32.dll,673
SendMessageTimeoutA,User32.dll,674
CharPrevA,User32.dll,280
SetEndOfFile,Kernel32.dll,581
FindAtomW,Kernel32.dll,676
lstrcmpA,KernelBase.dll,314
CloseDesktop,User32.dll,677
keybd_event,User32.dll,678
SetCursor,User32.dll,679
GlobalAddAtomW,Kernel32.dll,680
DeleteMenu,User32.dll,682
SetClassLongA,User32.dll,337
GetFileAttributesW,KernelBase.dll,683
GetFileAttributesW,Kernel32.dll,683
MoveFileA,Kernel32.dll,140
GetDesktopWindow,User32.dll,686
SetParent,User32.dll,687
SystemTimeToFileTime,Kernel32.dll,654
SetLocaleInfoW,Kernel32.dll,688
CoGetStandardMarshal,Ole32.dll,689
ToAscii,User32.dll,690
SendDlgItemMessageA,User32.dll,691
MulDiv,Kernel32.dll,692
PulseEvent,KernelBase.dll,694
CoFreeUnusedLibraries,Ole32.dll,695
UpdateResourceW,Kernel32.dll,363
BeginDeferWindowPos,User32.dll,697
MapViewOfFileEx,Kernel32.dll,661
InSendMessage,User32.dll,698
GetLocaleInfoA,Kernel32.dll,102
SetErrorMode,KernelBase.dll,699
GetThreadPriorityBoost,Kernel32.dll,142
DefFrameProcA,User32.dll,702
OleUninitialize,Ole32.dll,703
OpenEventA,KernelBase.dll,647
CheckMenuItem,User32.dll,706
UpdateWindow,User32.dll,709
GetCPInfo,Kernel32.dll,279
GetFileAttributesExW,KernelBase.dll,333
LoadMenuA,User32.dll,711
SetConsoleMode,KernelBase.dll,713
CreatePipe,KernelBase.dll,111
select,WS2_32.dll,523
HeapLock,KernelBase.dll,714
GetSystemDirectoryA,KernelBase.dll,147
CloseHandle,Kernel32.dll,553
IsValidCodePage,Kernel32.dll,633
AreFileApisANSI,KernelBase.dll,716
ExpandEnvironmentStringsW,Kernel32.dll,376
CreateEventW,KernelBase.dll,456
CoIsHandlerConnected,Ole32.dll,717
OpenEventW,KernelBase.dll,647
SignalObjectAndWait,Kernel32.dll,655
SetProcessWindowStation,User32.dll,718
EndUpdateResourceW,Kernel32.dll,635
GlobalCompact,Kernel32.dll,720
CreateDirectoryExA,Kernel32.dll,186
shutdown,WSock32.dll,721
GetWindowDC,User32.dll,722
LocalUnlock,KernelBase.dll,155
GetClassLongA,User32.dll,666
ConvertDefaultLocale,KernelBase.dll,604
LocalFlags,Kernel32.dll,723
IsDBCSLeadByteEx,Kernel32.dll,724
CharLowerA,User32.dll,109
CreateMailslotA,Kernel32.dll,291
GetProcessTimes,KernelBase.dll,728
GetShortPathNameW,KernelBase.dll,448
CreateIoCompletionPort,Kernel32.dll,442
TrackPopupMenuEx,User32.dll,732
listen,WS2_32.dll,733
CharUpperBuffA,KernelBase.dll,734
QueryDosDeviceW,KernelBase.dll,579
SetVolumeLabelW,Kernel32.dll,455
SetCaretPos,User32.dll,736
SizeofResource,Kernel32.dll,223
IsCharAlphaW,KernelBase.dll,444
SetMenuDefaultItem,User32.dll,738
IsCharLowerA,KernelBase.dll,465
GetPropW,User32.dll,739
GlobalReAlloc,Kernel32.dll,740
HeapLock,Kernel32.dll,714
GetWindowLongA,User32.dll,741
GetKeyboardLayoutNameA,User32.dll,742
GetCommandLineA,Kernel32.dll,418
GetEnhMetaFileA,Gdi32.dll,743
OpenWaitableTimerW,Kernel32.dll,216
GetExitCodeProcess,KernelBase.dll,603
FindResourceExW,KernelBase.dll,116
getsockopt,WS2_32.dll,520
GetCursor,User32.dll,744
GetNumberFormatW,KernelBase.dll,745
lstrcmpiW,KernelBase.dll,746
SetThreadPriority,Kernel32.dll,486
LocalShrink,Kernel32.dll,747
CopyIcon,User32.dll,748
EnumResourceTypesW,Kernel32.dll,355
WriteConsoleW,KernelBase.dll,98
EnableScrollBar,User32.dll,749
EnumResourceLanguagesA,Kernel32.dll,750
StringFromIID,Ole32.dll,751
GetFileTime,Kernel32.dll,753
GetWindowRgn,User32.dll,756
SetSysColors,User32.dll,757
CoRegisterClassObject,Ole32.dll,758
OpenFile,Kernel32.dll,759
TrackPopupMenu,User32.dll,760
GetPrivateProfileStringW,Kernel32.dll,761
SetCurrentDirectoryW,KernelBase.dll,286
SetConsoleOutputCP,Kernel32.dll,120
IsDBCSLeadByteEx,KernelBase.dll,724
GetScrollRange,User32.dll,762
GlobalUnlock,Kernel32.dll,763
FlushFileBuffers,Kernel32.dll,645
CallMsgFilterW,User32.dll,583
GetPropA,User32.dll,739
WriteProfileSectionW,Kernel32.dll,98
closesocket,WSock32.dll,507
SetScrollPos,User32.dll,765
CoGetTreatAsClass,Ole32.dll,766
EnumThreadWindows,User32.dll,767
PostThreadMessageA,User32.dll,372
CreateWaitableTimerW,Kernel32.dll,768
GetCommandLineW,KernelBase.dll,418
GlobalAlloc,KernelBase.dll,552
IsCharUpperA,KernelBase.dll,453
CancelWaitableTimer,Kernel32.dll,371
CreateWaitableTimerA,Kernel32.dll,771
GetBinaryTypeW,Kernel32.dll,772
LocalReAlloc,Kernel32.dll,774
LocalReAlloc,KernelBase.dll,774
OpenSemaphoreA,Kernel32.dll,524
ExitThread,KernelBase.dll,778
IsCharLowerW,User32.dll,465
IsProcessorFeaturePresent,KernelBase.dll,593
CoDosDateTimeToFileTime,Ole32.dll,779
StringFromGUID2,Ole32.dll,780
TerminateThread,Kernel32.dll,781
IsWindow,User32.dll,782
SetCurrentDirectoryW,Kernel32.dll,286
IsBadCodePtr,Kernel32.dll,783
LoadCursorA,User32.dll,622
CreateWindowExW,User32.dll,768
GetSystemDefaultLCID,Kernel32.dll,784
ChangeDisplaySettingsExA,User32.dll,489
GetThreadTimes,Kernel32.dll,652
SetSystemTime,KernelBase.dll,785
CreateFileMappingW,KernelBase.dll,13
WSARecvFrom,WS2_32.dll,786
LoadStringW,KernelBase.dll,246
CountClipboardFormats,User32.dll,787
LoadMenuW,User32.dll,711
OpenFileMappingW,KernelBase.dll,300
TranslateAcceleratorA,User32.dll,789
lstrlenA,Kernel32.dll,124
SetHandleInformation,KernelBase.dll,790
GetThreadSelectorEntry,Kernel32.dll,791
EnumCalendarInfoA,Kernel32.dll,443
SetMenu,User32.dll,792
GetWindowTextW,User32.dll,45
WriteFile,KernelBase.dll,793
DdeGetLastError,User32.dll,795
SetCommState,Kernel32.dll,796
CreateDirectoryW,Kernel32.dll,336
WSASendTo,WS2_32.dll,797
GetThreadPriority,Kernel32.dll,330
GetSysColorBrush,User32.dll,798
DuplicateHandle,KernelBase.dll,234
GetDiskFreeSpaceA,KernelBase.dll,250
GetVolumeInformationW,Kernel32.dll,166
_hread,Kernel32.dll,799
EnumResourceNamesA,Kernel32.dll,800
getprotobynumber,WS2_32.dll,130
GetSystemDirectoryW,KernelBase.dll,147
WaitNamedPipeW,Kernel32.dll,98
SetProcessShutdownParameters,Kernel32.dll,189
RegisterClassW,User32.dll,802
GetHandleInformation,Kernel32.dll,628
ImpersonateDdeClientWindow,User32.dll,804
__WSAFDIsSet,WSock32.dll,198
LockResource,KernelBase.dll,806
EqualRect,User32.dll,807
DefMDIChildProcW,User32.dll,283
RemoveDirectoryA,Kernel32.dll,271
VirtualFreeEx,KernelBase.dll,808
LoadCursorFromFileA,User32.dll,181
CoRegisterChannelHook,Ole32.dll,810
GetEnvironmentStrings,KernelBase.dll,600
EnumSystemLocalesA,KernelBase.dll,624
_llseek,Kernel32.dll,811
DrawMenuBar,User32.dll,812
GetDoubleClickTime,User32.dll,813
SetCurrentDirectoryA,KernelBase.dll,286
GetDiskFreeSpaceExA,Kernel32.dll,262
WSAAccept,WS2_32.dll,814
LoadMenuIndirectA,User32.dll,815
sendto,WSock32.dll,275
CoFileTimeNow,Ole32.dll,816
GetFileAttributesA,KernelBase.dll,237
getservbyname,WSock32.dll,378
lstrcmpiA,Kernel32.dll,746
PulseEvent,Kernel32.dll,694
ClearCommBreak,Kernel32.dll,176
CreateDialogParamW,User32.dll,818
SetFileAttributesA,Kernel32.dll,819
SearchPathA,KernelBase.dll,485
RemoveDirectoryA,KernelBase.dll,271
SetConsoleMode,Kernel32.dll,713
AreFileApisANSI,Kernel32.dll,716
LoadImageA,User32.dll,491
FindAtomA,Kernel32.dll,26
CreateEventA,Kernel32.dll,456
GetPrivateProfileStructA,Kernel32.dll,823
SetHandleInformation,Kernel32.dll,790
getprotobyname,WSock32.dll,414
OpenEventW,Kernel32.dll,647
GetLocaleInfoW,KernelBase.dll,102
FlushConsoleInputBuffer,KernelBase.dll,660
OleRegGetUserType,Ole32.dll,828
SetLocaleInfoA,Kernel32.dll,688
FreeResource,Kernel32.dll,387
CreateIconFromResourceEx,User32.dll,829
AllocConsole,Kernel32.dll,539
GetNextDlgGroupItem,User32.dll,830
SetFileAttributesA,KernelBase.dll,819
DebugActiveProcess,KernelBase.dll,487
IsBadStringPtrA,Kernel32.dll,440
WSASocketW,WS2_32.dll,98
GetProcessTimes,Kernel32.dll,728
EnumSystemLocalesW,Kernel32.dll,624
SendMessageTimeoutW,User32.dll,674
lstrcmpW,KernelBase.dll,314
CopyRect,User32.dll,833
ExitThread,Kernel32.dll,778
DeleteFileA,Kernel32.dll,626
GlobalFlags,Kernel32.dll,835
SystemTimeToTzSpecificLocalTime,Kernel32.dll,837
GetVersion,KernelBase.dll,117
EnumSystemLocalesA,Kernel32.dll,624
UnregisterHotKey,User32.dll,838
QueryPerformanceFrequency,Kernel32.dll,195
SetLocaleInfoW,KernelBase.dll,688
WSAAsyncSelect,WSock32.dll,840
GetWindowPlacement,User32.dll,841
PtInRect,User32.dll,842
GetFileTime,KernelBase.dll,753
GetDlgCtrlID,User32.dll,843
CoTaskMemRealloc,Ole32.dll,844
GetSystemTimeAsFileTime,KernelBase.dll,248
ResetEvent,KernelBase.dll,537
FoldStringW,KernelBase.dll,364
FindClose,KernelBase.dll,846
GetSystemMetrics,User32.dll,847
SetConsoleCP,KernelBase.dll,170
GetEnvironmentVariableW,KernelBase.dll,319
GetActiveWindow,User32.dll,848
GetDialogBaseUnits,User32.dll,849
CharPrevA,KernelBase.dll,280
CreateSemaphoreW,Kernel32.dll,122
DoDragDrop,Ole32.dll,851
GetDiskFreeSpaceExW,KernelBase.dll,262
SetWindowsHookW,User32.dll,82
UnlockFileEx,Kernel32.dll,853
AdjustWindowRect,User32.dll,854
GetBinaryTypeA,Kernel32.dll,772
SetWindowLongA,User32.dll,856
MoveWindow,User32.dll,857
CloseWindow,User32.dll,858
listen,WSock32.dll,733
SetWindowRgn,User32.dll,859
GetWindowTextLengthA,User32.dll,860
DefineDosDeviceW,KernelBase.dll,272
ClearCommError,Kernel32.dll,629
UnpackDDElParam,User32.dll,861
GetCurrentProcessId,KernelBase.dll,267
GetQueuedCompletionStatus,Kernel32.dll,582
EnumDateFormatsW,Kernel32.dll,220
IntersectRect,User32.dll,862
GetCurrentThreadId,Kernel32.dll,293
FileTimeToLocalFileTime,KernelBase.dll,863
SetErrorMode,Kernel32.dll,699
FillRect,User32.dll,865
GetDateFormatW,Kernel32.dll,356
SetConsoleCtrlHandler,Kernel32.dll,110
LockResource,Kernel32.dll,806
ReadClassStg,Ole32.dll,866
FileTimeToDosDateTime,Kernel32.dll,867
MessageBoxW,User32.dll,618
CoGetStdMarshalEx,Ole32.dll,868
ShowWindow,User32.dll,869
GetNumberFormatW,Kernel32.dll,745
SetComputerNameW,Kernel32.dll,870
DefWindowProcW,User32.dll,871
EscapeCommFunction,Kernel32.dll,602
GetConsoleCP,Kernel32.dll,452
WritePrivateProfileSectionA,Kernel32.dll,872
GetPrivateProfileStringA,Kernel32.dll,761
IsBadHugeReadPtr,Kernel32.dll,873
GetProcessVersion,Kernel32.dll,310
OleSetMenuDescriptor,Ole32.dll,875
lstrcpyW,Kernel32.dll,162
TranslateMDISysAccel,User32.dll,876
GetProcessHeaps,Kernel32.dll,557
WSADuplicateSocketW,WS2_32.dll,98
IsCharUpperA,User32.dll,453
GetFileSize,KernelBase.dll,252
CharNextExA,User32.dll,878
ReadFile,Kernel32.dll,476
SetPriorityClass,Kernel32.dll,484
LoadIconW,User32.dll,240
GetMessageExtraInfo,User32.dll,880
EnumTimeFormatsW,Kernel32.dll,135
GetSystemMenu,User32.dll,882
GetClipboardData,User32.dll,883
DrawTextExA,User32.dll,884
LoadBitmapW,User32.dll,594
SwitchDesktop,User32.dll,885
InsertMenuW,User32.dll,886
DrawAnimatedRects,User32.dll,887
ReadConsoleInputA,KernelBase.dll,358
CharUpperBuffW,KernelBase.dll,734
QueryDosDeviceW,Kernel32.dll,579
HeapUnlock,Kernel32.dll,129
RegisterClassExA,User32.dll,401
GetProcessAffinityMask,Kernel32.dll,888
GetLogicalDriveStringsA,Kernel32.dll,318
DisableThreadLibraryCalls,KernelBase.dll,407
GetDlgItem,User32.dll,894
GetCommandLineW,Kernel32.dll,418
SearchPathW,Kernel32.dll,485
GetConsoleMode,Kernel32.dll,362
GetStdHandle,Kernel32.dll,896
LocalLock,KernelBase.dll,518
GlobalGetAtomNameA,Kernel32.dll,898
GetDriveTypeW,KernelBase.dll,145
socket,WS2_32.dll,183
FindClose,Kernel32.dll,846
SetClassWord,User32.dll,899
CharUpperA,User32.dll,206
CreateAcceleratorTableA,User32.dll,768
DdeCmpStringHandles,User32.dll,902
EnumResourceNamesW,Kernel32.dll,800
VirtualQueryEx,Kernel32.dll,512
SetEnvironmentVariableA,Kernel32.dll,377
mouse_event,User32.dll,903
GetMessagePos,User32.dll,904
GetWindow,User32.dll,905
GetUserObjectInformationW,User32.dll,646
LocalFileTimeToFileTime,KernelBase.dll,175
GetExitCodeThread,Kernel32.dll,632
GetAtomNameW,Kernel32.dll,908
GetCompressedFileSizeW,KernelBase.dll,530
PeekMessageW,User32.dll,613
DrawTextExW,User32.dll,884
UnlockFileEx,KernelBase.dll,853
OffsetRect,User32.dll,910
CharNextExA,KernelBase.dll,878
GetSystemDefaultLCID,KernelBase.dll,784
CoGetCurrentProcess,Ole32.dll,911
LoadKeyboardLayoutW,User32.dll,615
GetSystemTime,Kernel32.dll,516
SetThreadPriorityBoost,Kernel32.dll,359
FormatMessageA,Kernel32.dll,566
lstrcatA,Kernel32.dll,104
GetNumberOfConsoleInputEvents,KernelBase.dll,325
DefineDosDeviceW,Kernel32.dll,272
FreeLibrary,KernelBase.dll,913
CharUpperW,User32.dll,206
AppendMenuA,User32.dll,98
BeginPaint,User32.dll,914
SetThreadLocale,Kernel32.dll,158
IsIconic,User32.dll,916
IsRectEmpty,User32.dll,918
CoTaskMemFree,Ole32.dll,919
WritePrivateProfileStringW,Kernel32.dll,98
FoldStringA,Kernel32.dll,364
EnumClipboardFormats,User32.dll,923
CharNextW,User32.dll,242
CreateProcessA,Kernel32.dll,15
CreateDialogParamA,User32.dll,818
SetEvent,KernelBase.dll,329
CharUpperBuffW,User32.dll,734
GetSystemDefaultLangID,Kernel32.dll,285
MsgWaitForMultipleObjects,User32.dll,926
GetTempFileNameW,Kernel32.dll,332
StringFromCLSID,Ole32.dll,928
GetCompressedFileSizeA,KernelBase.dll,530
RemovePropA,User32.dll,475
ReadConsoleInputA,Kernel32.dll,358
SetFocus,User32.dll,930
setsockopt,WSock32.dll,386
SetupComm,KernelBase.dll,931
SetPropA,User32.dll,601
GlobalLock,Kernel32.dll,933
EnumResourceLanguagesW,Kernel32.dll,750
CopyImage,User32.dll,935
GetComputerNameA,Kernel32.dll,305
WriteFile,Kernel32.dll,793
SearchPathA,Kernel32.dll,485
SetFileApisToOEM,KernelBase.dll,490
GetTimeFormatA,KernelBase.dll,202
OleGetClipboard,Ole32.dll,937
GetConsoleTitleW,KernelBase.dll,605
CoInitializeEx,Ole32.dll,938
DispatchMessageA,User32.dll,939
gethostbyaddr,WSock32.dll,403
CallNamedPipeA,Kernel32.dll,419
GetClassInfoA,User32.dll,619
CreateBindCtx,Ole32.dll,941
OpenInputDesktop,User32.dll,942
DisconnectNamedPipe,Kernel32.dll,503
CompareFileTime,Kernel32.dll,501
WSAAsyncSelect,WS2_32.dll,840
SetEnvironmentVariableW,KernelBase.dll,377
GetSystemTimeAdjustment,Kernel32.dll,260
GetMenuItemRect,User32.dll,943
CreateMutexA,KernelBase.dll,14
FreeEnvironmentStringsW,Kernel32.dll,229
lstrcmpA,Kernel32.dll,314
UnregisterClassW,User32.dll,472
FormatMessageA,KernelBase.dll,566
GetDiskFreeSpaceExA,KernelBase.dll,262
GetConsoleScreenBufferInfo,Kernel32.dll,165
OpenClipboard,User32.dll,945
CharUpperBuffA,User32.dll,734
SetCaretBlinkTime,User32.dll,947
GetSystemDirectoryW,Kernel32.dll,147
DispatchMessageW,User32.dll,939
LoadAcceleratorsW,User32.dll,948
VirtualFreeEx,Kernel32.dll,808
BeginUpdateResourceA,Kernel32.dll,627
ReadFileEx,Kernel32.dll,528
CharUpperA,KernelBase.dll,206
GetCurrentDirectoryA,Kernel32.dll,210
SetDlgItemTextA,User32.dll,949
CreateProcessA,KernelBase.dll,15
CreateFileA,Kernel32.dll,12
SetSystemTime,Kernel32.dll,785
WSACreateEvent,WS2_32.dll,951
SetupComm,Kernel32.dll,931
shutdown,WS2_32.dll,721
LocalFree,Kernel32.dll,483
InvalidateRgn,User32.dll,952
GetThreadLocale,KernelBase.dll,662
VerLanguageNameW,Version.dll,540
CreateMenu,User32.dll,956
DdeDisconnect,User32.dll,957
SetLocalTime,KernelBase.dll,281
GetConsoleOutputCP,KernelBase.dll,494
IsDlgButtonChecked,User32.dll,958
IsCharUpperW,KernelBase.dll,453
SetForegroundWindow,User32.dll,959
htonl,WSock32.dll,139
WaitForSingleObject,KernelBase.dll,231
FlushViewOfFile,Kernel32.dll,311
CloseClipboard,User32.dll,960
EnumCalendarInfoW,KernelBase.dll,443
CopyFileA,Kernel32.dll,659
PeekConsoleInputA,KernelBase.dll,125
CreateDirectoryExW,KernelBase.dll,186
IsCharAlphaNumericW,KernelBase.dll,273
SetTimer,User32.dll,962
SetThreadDesktop,User32.dll,963
SetClipboardViewer,User32.dll,964
GetUpdateRect,User32.dll,965
CreateThread,KernelBase.dll,404
lstrcmpiW,Kernel32.dll,746
ReleaseDC,User32.dll,967
SystemTimeToTzSpecificLocalTime,KernelBase.dll,837
IsChild,User32.dll,968
UnlockFile,KernelBase.dll,522
ExpandEnvironmentStringsA,KernelBase.dll,376
SetConsoleTitleA,Kernel32.dll,969
SetFileAttributesW,KernelBase.dll,370
GetWindowTextA,User32.dll,970
GetParent,User32.dll,971
GetFullPathNameW,Kernel32.dll,502
FileTimeToLocalFileTime,Kernel32.dll,863
MenuItemFromPoint,User32.dll,972
AdjustWindowRectEx,User32.dll,973
OleQueryCreateFromData,Ole32.dll,974
PostQuitMessage,User32.dll,976
InflateRect,User32.dll,977
CreateDirectoryA,KernelBase.dll,336
LoadLibraryExA,KernelBase.dll,346
SetCommState,KernelBase.dll,796
EnumPropsExW,User32.dll,551
DestroyCaret,User32.dll,978
MoveFileExW,KernelBase.dll,531
FileTimeToSystemTime,Kernel32.dll,420
IsWindowVisible,User32.dll,979
GetMessageTime,User32.dll,980
CoUnmarshalHresult,Ole32.dll,982
ShowCursor,User32.dll,983
VerLanguageNameA,Version.dll,540
GlobalFree,KernelBase.dll,323
TransmitCommChar,Kernel32.dll,671
GlobalFindAtomW,Kernel32.dll,984
SetSystemPowerState,Kernel32.dll,985
GlobalFix,Kernel32.dll,986
MapDialogRect,User32.dll,987
lstrcmpiA,KernelBase.dll,746
HideCaret,User32.dll,989
GetTempFileNameW,KernelBase.dll,332
GetFileAttributesExA,Kernel32.dll,237
FindFirstFileExW,Kernel32.dll,264
FindFirstFileExW,KernelBase.dll,264
_lopen,Kernel32.dll,992
SetUnhandledExceptionFilter,KernelBase.dll,334
TerminateThread,KernelBase.dll,781
OpenIcon,User32.dll,993
CreateEventW,Kernel32.dll,456
WSAStringToAddressW,WS2_32.dll,98
FreeLibrary,Kernel32.dll,913
VerLanguageNameW,Kernel32.dll,540
ReleaseStgMedium,Ole32.dll,994
LoadLibraryExW,Kernel32.dll,346
GlobalUnfix,Kernel32.dll,995
SetFileApisToANSI,Kernel32.dll,567
OpenSemaphoreW,Kernel32.dll,524
IsCharLowerW,KernelBase.dll,465
EnumSystemCodePagesW,Kernel32.dll,374
FreeEnvironmentStringsA,Kernel32.dll,229
lstrcpynW,Kernel32.dll,398
RegisterClassA,User32.dll,802
GetStdHandle,KernelBase.dll,896
CreateNamedPipeW,Kernel32.dll,324
KillTimer,User32.dll,998
GetDCEx,User32.dll,999
ReleaseSemaphore,Kernel32.dll,217
RegNotifyChangeKeyValue,KernelBase.dll,1001
HeapDestroy,KernelBase.dll,1002
NetWkstaGetInfo,NetAPI32.dll,1003
CreateFileW,Kernel32.dll,12
_lread,Kernel32.dll,1005
RegSetValueExW,AdvAPI32.dll,1006
NtOpenKey,ntdll.dll,1007
GlobalMemoryStatusEx,KernelBase.dll,1009
RegQueryValueExA,Kernel32.dll,1010
ChangeServiceConfigA,AdvAPI32.dll,1011
InternetGetConnectedState,WinInet.dll,1012
RegEnumKeyExA,AdvAPI32.dll,1013
RegOpenKeyExA,KernelBase.dll,1014
GetCurrentProcess,KernelBase.dll,1015
RegCreateKeyExW,AdvAPI32.dll,1016
StartServiceA,AdvAPI32.dll,1017
RegQueryValueExA,AdvAPI32.dll,1010
InternetQueryOptionA,WinInet.dll,1018
RegOpenKeyExA,AdvAPI32.dll,1014
GetLongPathNameW,Kernel32.dll,1019
FindCloseChangeNotification,KernelBase.dll,1020
RegDeleteValueW,AdvAPI32.dll,1021
GetCurrentThread,Kernel32.dll,1022
RegSetValueExW,Kernel32.dll,1006
RegDeleteValueA,Kernel32.dll,1021
RegFlushKey,AdvAPI32.dll,1023
RegEnumKeyExW,KernelBase.dll,1013
GetCurrentThread,KernelBase.dll,1022
GetProcessHeap,KernelBase.dll,1024
FindFirstChangeNotificationW,KernelBase.dll,1025
RegGetKeySecurity,AdvAPI32.dll,1026
HeapSize,Kernel32.dll,1008
NtEnumerateKey,ntdll.dll,1027
RegSetValueExA,KernelBase.dll,1006
NetUseGetInfo,NetAPI32.dll,1028
RegSetValueExA,Kernel32.dll,1006
WSAGetLastError,WSock32.dll,1029
RegQueryInfoKeyA,KernelBase.dll,1030
RegCreateKeyExA,Kernel32.dll,1016
VirtualFree,KernelBase.dll,1031
RegCloseKey,Kernel32.dll,1032
VirtualAlloc,KernelBase.dll,1033
GetProfileStringW,Kernel32.dll,927
RegOpenCurrentUser,AdvAPI32.dll,1034
GetModuleHandleExW,Kernel32.dll,1035
VirtualQuery,KernelBase.dll,1036
RegEnumKeyExW,AdvAPI32.dll,1013
WSASetLastError,WSock32.dll,1037
NetApiBufferFree,NetAPI32.dll,1038
RegQueryValueExW,AdvAPI32.dll,1010
QueryServiceStatus,AdvAPI32.dll,1039
ShellExecuteExA,shell32.dll,1040
ntohs,WSock32.dll,1041
RegQueryInfoKeyW,AdvAPI32.dll,1030
RegQueryValueW,AdvAPI32.dll,1042
NtQueryValueKey,ntdll.dll,1043
GetLongPathNameW,KernelBase.dll,1019
WNetCancelConnection2A,Mpr.dll,1045
VirtualFree,Kernel32.dll,1031
RegQueryValueExA,KernelBase.dll,1010
RegOpenCurrentUser,Kernel32.dll,1034
RegCreateKeyExW,KernelBase.dll,1016
HeapFree,KernelBase.dll,1004
RegCreateKeyExA,AdvAPI32.dll,1016
CreateServiceA,AdvAPI32.dll,17
NetUseDel,NetAPI32.dll,1046
NetUseEnum,NetAPI32.dll,1047
RegQueryInfoKeyW,KernelBase.dll,1030
GetCurrentProcess,Kernel32.dll,1015
ExitProcess,KernelBase.dll,1048
GetProcessHeap,Kernel32.dll,1024
RegGetKeySecurity,KernelBase.dll,1026
RegNotifyChangeKeyValue,AdvAPI32.dll,1001
RegQueryValueA,AdvAPI32.dll,1042
RegEnumValueA,Kernel32.dll,1049
FindFirstChangeNotificationW,Kernel32.dll,1025
NetUseAdd,NetAPI32.dll,1050
RegOpenKeyExW,KernelBase.dll,1014
NtSetValueKey,ntdll.dll,1051
RegCloseKey,AdvAPI32.dll,1032
RegDeleteValueW,KernelBase.dll,1021
RegQueryInfoKeyA,AdvAPI32.dll,1030
WNetAddConnection2A,Mpr.dll,1053
HeapCreate,KernelBase.dll,1054
RegCreateKeyExA,KernelBase.dll,1016
OpenServiceW,AdvAPI32.dll,1055
NetShareGetInfo,NetAPI32.dll,1056
RegCreateKeyExW,Kernel32.dll,1016
RegEnumKeyExA,KernelBase.dll,1013
ntohs,WS2_32.dll,1041
ExitProcess,Kernel32.dll,1048
RegSetValueExA,AdvAPI32.dll,1006
HeapReAlloc,Kernel32.dll,1052
CloseServiceHandle,AdvAPI32.dll,1057
RegSetValueExW,KernelBase.dll,1006
RegOpenKeyExW,AdvAPI32.dll,1014
VirtualQuery,Kernel32.dll,1036
RegEnumValueW,AdvAPI32.dll,1049
InternetGetConnectedStateExW,WinInet.dll,1058
NetWkstaUserGetInfo,NetAPI32.dll,1059
RegFlushKey,KernelBase.dll,1023
RegDeleteKeyW,AdvAPI32.dll,1060
WNetEnumResourceA,Mpr.dll,1061
RegCreateKeyW,AdvAPI32.dll,1062
WSARecv,WS2_32.dll,1063
RegDeleteValueA,AdvAPI32.dll,1021
RegCloseKey,KernelBase.dll,1032
GetModuleHandleExW,KernelBase.dll,1035
RegDeleteKeyA,AdvAPI32.dll,1060
RegOpenCurrentUser,KernelBase.dll,1034
HeapCreate,Kernel32.dll,1054
FindCloseChangeNotification,Kernel32.dll,1020
RegDeleteValueW,Kernel32.dll,1021
VirtualProtect,Kernel32.dll,1064
EnumServicesStatusA,AdvAPI32.dll,1065
VirtualAlloc,Kernel32.dll,1033
RegGetKeySecurity,Kernel32.dll,1026
RegEnumValueW,KernelBase.dll,1049
WNetOpenEnumA,Mpr.dll,1066
RegQueryValueExW,KernelBase.dll,1010
RegQueryValueExW,Kernel32.dll,1010
VirtualProtect,KernelBase.dll,1064
RegDeleteValueA,KernelBase.dll,1021
RegOpenKeyExA,Kernel32.dll,1014
RegQueryInfoKeyA,Kernel32.dll,1030
RegEnumKeyExA,Kernel32.dll,1013
RegCreateKeyA,AdvAPI32.dll,1062
GetDlgItemTextA,User32.dll,1067
DeleteFileW,KernelBase.dll,626
RegFlushKey,Kernel32.dll,1023
RegQueryInfoKeyW,Kernel32.dll,1030
RegEnumKeyExW,Kernel32.dll,1013
NetServerEnum,NetAPI32.dll,1068
RegEnumValueA,AdvAPI32.dll,1049
NtQueryKey,ntdll.dll,1069
GlobalMemoryStatusEx,Kernel32.dll,1009
RegEnumKeyA,AdvAPI32.dll,1070
SwitchToFiber,Kernel32.dll,1071
DeleteFileW,Kernel32.dll,626
RegNotifyChangeKeyValue,Kernel32.dll,1001
HeapDestroy,Kernel32.dll,1002
RegEnumValueW,Kernel32.dll,1049
RegEnumValueA,KernelBase.dll,1049
WNetCloseEnum,Mpr.dll,1072
CreateFileW,KernelBase.dll,12
RegOpenKeyExW,Kernel32.dll,1014
RegEnumKeyW,AdvAPI32.dll,1070
OpenServiceA,AdvAPI32.dll,1055
CertControlStore,Crypt32.dll,1073
CertCreateCertificateContext,Crypt32.dll,1074
CertOpenStore,Crypt32.dll,1075
CertOpenSystemStoreA,Crypt32.dll,1076
CertOpenSystemStoreW,Crypt32.dll,1076
CryptAcquireContextA,Crypt32.dll,1077
CryptAcquireContextW,Crypt32.dll,1077
CryptCreateHash,Crypt32.dll,1078
CryptDecrypt,Crypt32.dll,1079
CryptEncrypt,Crypt32.dll,1080
CryptExportKey,Crypt32.dll,1081
CryptGenKey,Crypt32.dll,1082
CryptHashData,Crypt32.dll,1083
CryptDecodeMessage,Crypt32.dll,1084
CryptDecodeObjectEx,Crypt32.dll,1085
CryptDecryptMessage,Crypt32.dll,1086
CryptEncryptMessage,Crypt32.dll,1087
CryptHashMessage,Crypt32.dll,1088
CryptProtectData,Crypt32.dll,1089
CryptProtectMemory,Crypt32.dll,1090
CryptUnprotectData,Crypt32.dll,1091
CryptUnprotectMemory,Crypt32.dll,1092
GetFileInformationByHandleEx,Kernel32.dll,1093
GetFileSizeEx,Kernel32.dll,1094
GetSystemWindowsDirectoryA,Kernel32.dll,1095
GetSystemWindowsDirectoryW,Kernel32.dll,1095
GetVolumeNameForVolumeMountPointW,Kernel32.dll,1096
GetVolumePathNameW,Kernel32.dll,1097
GetVolumePathNamesForVolumeNameW,Kernel32.dll,1098
MoveFileWithProgressW,Kernel32.dll,1099
SetFileInformationByHandle,Kernel32.dll,1100
SetFilePointerEx,Kernel32.dll,1101
NtCreateDirectoryObject,Ntdll.dll,1102
NtCreateFile,Ntdll.dll,1103
NtDeleteFile,Ntdll.dll,1104
NtDeviceIoControlFile,Ntdll.dll,1105
NtOpenDirectoryObject,Ntdll.dll,1106
NtOpenFile,Ntdll.dll,1107
NtQueryAttributesFile,Ntdll.dll,1108
NtQueryDirectoryFile,Ntdll.dll,1109
NtQueryFullAttributesFile,Ntdll.dll,1110
NtQueryInformationFile,Ntdll.dll,1111
NtReadFile,Ntdll.dll,1112
NtSetInformationFile,Ntdll.dll,1113
NtWriteFile,Ntdll.dll,1114
GetUserNameA,Advapi32,1115
GetUserNameW,Advapi32,1115
GetUserNameExA,Advapi32.dll,1116
GetUserNameExW,Advapi32.dll,1116
ReadCabinetState,Shell32.dll,1117
SHGetFolderPathW,Shell32.dll,1118
SHGetSpecialFolderLocation,Shell32.dll ,1119
NetGetJoinInformation,NetAPI32.dll,1120
NetUserGetInfo,NetAPI32.dll,1121
NetUserGetLocalGroups,NetAPI32.dll,1122
NetUserGetLocalGroups,NetAPI32.dll,1122
HttpOpenRequestA,Wininet.dll,1123
HttpOpenRequestW,Wininet.dll,1123
HttpQueryInfoA,Wininet.dll,1124
HttpSendRequestA,Wininet.dll,1125
HttpSendRequestW,Wininet.dll,1125
InternetCloseHandle,Wininet.dll,1126
InternetConnectA,Wininet.dll,1127
InternetConnectW,Wininet.dll,1127
InternetCrackUrlA,Wininet.dll,1128
InternetCrackUrlW,Wininet.dll,1128
InternetGetConnectedStateExA,Wininet.dll,1129
InternetSetOptionA,Wininet.dll,1130
InternetSetStatusCallback,Wininet.dll,1131
GetAddrInfoW,Ws2_32.dll,1132
WSAConnect,Ws2_32.dll,1133
getaddrinfo,Ws2_32.dll,1134
CreateProcessInternalW,Kernel32.dll,1135
NtAllocateVirtualMemory,Ntdll.dll,1136
NtCreateProcess,Ntdll.dll,1137
NtCreateProcessEx,Ntdll.dll,1138
NtCreateSection,Ntdll.dll,1139
NtCreateThread,Ntdll.dll,1140
NtCreateThreadEx,Ntdll.dll,1141
NtCreateUserProcess,Ntdll.dll,1142
NtFreeVirtualMemory,Ntdll.dll,1143
NtGetContextThread,Ntdll.dll,1144
NtMakePermanentObject,Ntdll.dll,1145
NtMakeTemporaryObject,Ntdll.dll,1146
NtMapViewOfSection,Ntdll.dll,1147
NtOpenProcess,Ntdll.dll,1148
NtOpenSection,Ntdll.dll,1149
NtOpenThread,Ntdll.dll,1150
NtProtectVirtualMemory,Ntdll.dll,1151
NtQueueApcThread,Ntdll.dll,1152
NtReadVirtualMemory,Ntdll.dll,1153
NtResumeThread,Ntdll.dll,1154
NtSetContextThread,Ntdll.dll,1155
NtSuspendThread,Ntdll.dll,1156
NtTerminateProcess,Ntdll.dll,1157
NtTerminateThread,Ntdll.dll,1158
NtUnmapViewOfSection,Ntdll.dll,1159
NtWriteVirtualMemory,Ntdll.dll,1160
ShellExecuteExW,Shell32.dll,1161
NtCreateKey,Ntdll.dll,1162
NtDeleteKey,Ntdll.dll,1163
NtDeleteValueKey,Ntdll.dll,1164
NtEnumerateValueKey,Ntdll.dll,1165
NtLoadKey,Ntdll.dll,1166
NtLoadKey2,Ntdll.dll,1167
NtLoadKeyEx,Ntdll.dll,1168
NtOpenKeyEx,Ntdll.dll,1169
NtQueryMultipleValueKey,Ntdll.dll,1170
NtRenameKey,Ntdll.dll,1171
NtReplaceKey,Ntdll.dll,1172
NtSaveKey,Ntdll.dll,1173
NtSaveKeyEx,Ntdll.dll,1174
CreateServiceW,Advapi32.dll,1175
DeleteService,Advapi32.dll,1176
EnumServicesStatusW,Advapi32.dll,1177
StartServiceW,StartServiceW,1178
NtCreateMutant,Ntdll.dll,1179
NtDelayExecution,Ntdll.dll,1180
NtQuerySystemTime,Ntdll.dll,1181
CertControlStore,Crypt32.dll,1073
CertCreateCertificateContext,Crypt32.dll,1074
CertOpenStore,Crypt32.dll,1075
CertOpenSystemStoreA,Crypt32.dll,1076
CertOpenSystemStoreW,Crypt32.dll,1076
CryptAcquireContextA,Crypt32.dll,1077
CryptAcquireContextW,Crypt32.dll,1077
CryptCreateHash,Crypt32.dll,1078
CryptDecrypt,Crypt32.dll,1079
CryptEncrypt,Crypt32.dll,1080
CryptExportKey,Crypt32.dll,1081
CryptGenKey,Crypt32.dll,1082
CryptHashData,Crypt32.dll,1083
CryptDecodeMessage,Crypt32.dll,1084
CryptDecodeObjectEx,Crypt32.dll,1085
CryptDecryptMessage,Crypt32.dll,1086
CryptEncryptMessage,Crypt32.dll,1087
CryptHashMessage,Crypt32.dll,1088
CryptProtectData,Crypt32.dll,1089
CryptProtectMemory,Crypt32.dll,1090
CryptUnprotectData,Crypt32.dll,1091
CryptUnprotectMemory,Crypt32.dll,1092
GetFileInformationByHandleEx,Kernel32.dll,1093
GetFileSizeEx,Kernel32.dll,1094
GetSystemWindowsDirectoryA,Kernel32.dll,1095
GetSystemWindowsDirectoryW,Kernel32.dll,1095
GetVolumeNameForVolumeMountPointW,Kernel32.dll,1096
GetVolumePathNameW,Kernel32.dll,1097
GetVolumePathNamesForVolumeNameW,Kernel32.dll,1098
MoveFileWithProgressW,Kernel32.dll,1099
SetFileInformationByHandle,Kernel32.dll,1100
SetFilePointerEx,Kernel32.dll,1101
NtCreateDirectoryObject,Ntdll.dll,1102
NtCreateFile,Ntdll.dll,1103
NtDeleteFile,Ntdll.dll,1104
NtDeviceIoControlFile,Ntdll.dll,1105
NtOpenDirectoryObject,Ntdll.dll,1106
NtOpenFile,Ntdll.dll,1107
NtQueryAttributesFile,Ntdll.dll,1108
NtQueryDirectoryFile,Ntdll.dll,1109
NtQueryFullAttributesFile,Ntdll.dll,1110
NtQueryInformationFile,Ntdll.dll,1111
NtReadFile,Ntdll.dll,1112
NtSetInformationFile,Ntdll.dll,1113
NtWriteFile,Ntdll.dll,1114
GetUserNameA,Advapi32,1115
GetUserNameW,Advapi32,1115
GetUserNameExA,Advapi32.dll,1116
GetUserNameExW,Advapi32.dll,1116
ReadCabinetState,Shell32.dll,1117
SHGetFolderPathW,Shell32.dll,1118
SHGetSpecialFolderLocation,Shell32.dll ,1119
NetGetJoinInformation,NetAPI32.dll,1120
NetUserGetInfo,NetAPI32.dll,1121
NetUserGetLocalGroups,NetAPI32.dll,1122
NetUserGetLocalGroups,NetAPI32.dll,1122
HttpOpenRequestA,Wininet.dll,1123
HttpOpenRequestW,Wininet.dll,1123
HttpQueryInfoA,Wininet.dll,1124
HttpSendRequestA,Wininet.dll,1125
HttpSendRequestW,Wininet.dll,1125
InternetCloseHandle,Wininet.dll,1126
InternetConnectA,Wininet.dll,1127
InternetConnectW,Wininet.dll,1127
InternetCrackUrlA,Wininet.dll,1128
InternetCrackUrlW,Wininet.dll,1128
InternetGetConnectedStateExA,Wininet.dll,1129
InternetSetOptionA,Wininet.dll,1130
InternetSetStatusCallback,Wininet.dll,1131
GetAddrInfoW,Ws2_32.dll,1132
WSAConnect,Ws2_32.dll,1133
getaddrinfo,Ws2_32.dll,1134
CreateProcessInternalW,Kernel32.dll,1135
NtAllocateVirtualMemory,Ntdll.dll,1136
NtCreateProcess,Ntdll.dll,1137
NtCreateProcessEx,Ntdll.dll,1138
NtCreateSection,Ntdll.dll,1139
NtCreateThread,Ntdll.dll,1140
NtCreateThreadEx,Ntdll.dll,1141
NtCreateUserProcess,Ntdll.dll,1142
NtFreeVirtualMemory,Ntdll.dll,1143
NtGetContextThread,Ntdll.dll,1144
NtMakePermanentObject,Ntdll.dll,1145
NtMakeTemporaryObject,Ntdll.dll,1146
NtMapViewOfSection,Ntdll.dll,1147
NtOpenProcess,Ntdll.dll,1148
NtOpenSection,Ntdll.dll,1149
NtOpenThread,Ntdll.dll,1150
NtProtectVirtualMemory,Ntdll.dll,1151
NtQueueApcThread,Ntdll.dll,1152
NtReadVirtualMemory,Ntdll.dll,1153
NtResumeThread,Ntdll.dll,1154
NtSetContextThread,Ntdll.dll,1155
NtSuspendThread,Ntdll.dll,1156
NtTerminateProcess,Ntdll.dll,1157
NtTerminateThread,Ntdll.dll,1158
NtUnmapViewOfSection,Ntdll.dll,1159
NtWriteVirtualMemory,Ntdll.dll,1160
ShellExecuteExW,Shell32.dll,1161
NtCreateKey,Ntdll.dll,1162
NtDeleteKey,Ntdll.dll,1163
NtDeleteValueKey,Ntdll.dll,1164
NtEnumerateValueKey,Ntdll.dll,1165
NtLoadKey,Ntdll.dll,1166
NtLoadKey2,Ntdll.dll,1167
NtLoadKeyEx,Ntdll.dll,1168
NtOpenKeyEx,Ntdll.dll,1169
NtQueryMultipleValueKey,Ntdll.dll,1170
NtRenameKey,Ntdll.dll,1171
NtReplaceKey,Ntdll.dll,1172
NtSaveKey,Ntdll.dll,1173
NtSaveKeyEx,Ntdll.dll,1174
CreateServiceW,Advapi32.dll,1175
DeleteService,Advapi32.dll,1176
EnumServicesStatusW,Advapi32.dll,1177
StartServiceW,StartServiceW,1178
NtCreateMutant,Ntdll.dll,1179
NtDelayExecution,Ntdll.dll,1180
NtQuerySystemTime,Ntdll.dll,1181
